Quote,Speaker,Movie name,Situation
"You're a wizard, Harry.",Rubeus Hagrid,Harry Potter and the Philosopher's Stone,Hagrid tells Harry his true identity in the hut on the rock.
"I solemnly swear that I am up to no good.",Harry Potter,Harry Potter and the Prisoner of Azkaban,Harry activates the Marauder's Map in a classroom.
"Wingardium Leviosa!",Hermione Granger,Harry Potter and the Philosopher's Stone,Hermione demonstrates the levitation charm in Charms class.
"There's no place like Hogwarts.",Harry Potter,Harry Potter and the Philosopher's Stone,Harry looks out at Hogwarts as the school year ends.
"Yer a wizard, Harry.",Rubeus Hagrid,Harry Potter and the Philosopher's Stone,Hagrid informs Harry of his magical heritage.
"It's LeviOsa, not LeviosAR!",Hermione Granger,Harry Potter and the Philosopher's Stone,Hermione corrects Ron's pronunciation in Charms class.
"Dobby is free!",Dobby,Harry Potter and the Chamber of Secrets,Dobby receives Lucius Malfoy's sock inside Tom Riddle's diary.
"Why spiders? Why couldn't it be 'follow the butterflies'?",Ron Weasley,Harry Potter and the Chamber of Secrets,Ron complains while following spiders into the Forbidden Forest.
"I am Lord Voldemort.",Tom Riddle,Harry Potter and the Chamber of Secrets,Tom Riddle rearranges the letters of his name in the Chamber of Secrets.
"Mischief managed.",Harry Potter,Harry Potter and the Prisoner of Azkaban,Harry deactivates the Marauder's Map.
"Turn to page 394.",Severus Snape,Harry Potter and the Prisoner of Azkaban,Snape takes over Defense Against the Dark Arts class.
"He's back! Voldemort's back!",Harry Potter,Harry Potter and the Goblet of Fire,Harry returns with Cedric's body from the graveyard.
"I am the Half-Blood Prince.",Severus Snape,Harry Potter and the Half-Blood Prince,Snape reveals his true identity to Harry on the grounds.
"After all this time?",Albus Dumbledore,Harry Potter and the Deathly Hallows: Part 2,Dumbledore asks Snape about his patronus in Snape's memories.
"Always.",Severus Snape,Harry Potter and the Deathly Hallows: Part 2,Snape expresses his enduring love for Lily Potter.
"Not my daughter, you bitch!",Molly Weasley,Harry Potter and the Deathly Hallows: Part 2,Molly defends Ginny from Bellatrix Lestrange during the Battle of Hogwarts.
"Fear of a name only increases fear of the thing itself.",Hermione Granger,Harry Potter and the Chamber of Secrets,Hermione speaks up about using Voldemort's real name.
"When in doubt, go to the library.",Ron Weasley,Harry Potter and the Chamber of Secrets,Ron comments on Hermione's default solution to problems.
"I'm going to bed before either of you come up with another clever idea to get us killed, or worse, expelled.",Hermione Granger,Harry Potter and the Philosopher's Stone,Hermione scolds Harry and Ron after avoiding Fluffy.
"You'll be next, Mudbloods!",Draco Malfoy,Harry Potter and the Chamber of Secrets,Malfoy speaks after seeing the message written in blood.
"I'll be in my room, making no noise and pretending I don't exist.",Harry Potter,Harry Potter and the Chamber of Secrets,Harry promises Uncle Vernon before the Dursleys' dinner party.
"Expecto Patronum!",Harry Potter,Harry Potter and the Prisoner of Azkaban,Harry casts his Patronus across the lake to save Sirius.
"I'm a what?",Harry Potter,Harry Potter and the Philosopher's Stone,Harry responds when Hagrid tells him he's a wizard.
"Have a biscuit, Potter.",Minerva McGonagall,Harry Potter and the Order of the Phoenix,McGonagall offers Harry a biscuit during a disciplinary discussion.
"Honestly, woman, you call yourself our mother?",Fred Weasley,Harry Potter and the Philosopher's Stone,Fred jokes with Mrs. Weasley at King's Cross station.
"It does not do to dwell on dreams and forget to live.",Albus Dumbledore,Harry Potter and the Philosopher's Stone,Dumbledore advises Harry at the Mirror of Erised.
"Dobby has no master! Dobby is a free elf!",Dobby,Harry Potter and the Deathly Hallows: Part 1,Dobby confronts Bellatrix at Malfoy Manor.
"Happiness can be found even in the darkest of times, if one only remembers to turn on the light.",Albus Dumbledore,Harry Potter and the Prisoner of Azkaban,Dumbledore speaks to the students during the start-of-term feast.
"Why is it always you three?",Minerva McGonagall,Harry Potter and the Half-Blood Prince,McGonagall asks Harry, Ron, and Hermione after Katie Bell's curse.
"Bloody hell!",Ron Weasley,Harry Potter and the Philosopher's Stone,Ron's signature reaction when seeing something incredible.
"I can do math!",Ron Weasley,Harry Potter and the Philosopher's Stone,Ron responds during the giant chess game.
"There is no good and evil, there is only power and those too weak to seek it.",Lord Voldemort,Harry Potter and the Philosopher's Stone,Quirrell unwraps his turban to reveal Voldemort.
"Training for the ballet, Potter?",Draco Malfoy,Harry Potter and the Chamber of Secrets,Malfoy taunts Harry during Quidditch practice.
"Stop, stop, stop! You're going to take someone's eye out.",Hermione Granger,Harry Potter and the Philosopher's Stone,Hermione scolds Ron about his wand motions in Charms class.
"The world isn't split into good people and Death Eaters.",Sirius Black,Harry Potter and the Order of the Phoenix,Sirius reassures Harry at Grimmauld Place.
"Give her hell from us, Peeves.",Fred Weasley,Harry Potter and the Order of the Phoenix,Fred and George leave Hogwarts after disrupting the O.W.L.s.
"I mean, it's sort of exciting, isn't it? Breaking the rules.",Hermione Granger,Harry Potter and the Order of the Phoenix,Hermione suggests forming Dumbledore's Army.
"Words are, in my not-so-humble opinion, our most inexhaustible source of magic.",Albus Dumbledore,Harry Potter and the Deathly Hallows: Part 2,Dumbledore speaks to Harry in King's Cross station afterlife.
"Clearly, fame isn't everything.",Severus Snape,Harry Potter and the Philosopher's Stone,Snape mocks Harry during their first Potions lesson.
"Ah, music! A magic beyond all we do here!",Albus Dumbledore,Harry Potter and the Philosopher's Stone,Dumbledore reacts after the school song.
"I'm holy. I'm holey, Fred, get it?",George Weasley,Harry Potter and the Deathly Hallows: Part 1,George jokes about losing his ear after the Battle of the Seven Potters.
"I've always wanted to use that spell.",Minerva McGonagall,Harry Potter and the Deathly Hallows: Part 2,McGonagall casts Piertotum Locomotor to defend Hogwarts.
"Numbing the pain for a while will make it worse when you finally feel it.",Albus Dumbledore,Harry Potter and the Goblet of Fire,Dumbledore speaks to Harry in the hospital wing.
"I am what I am, an' I'm not ashamed.",Rubeus Hagrid,Harry Potter and the Goblet of Fire,Hagrid talks about his half-giant heritage.
"It is the quality of one's convictions that determines success, not the number of followers.",Remus Lupin,Harry Potter and the Deathly Hallows: Part 2,Lupin addresses the Order of the Phoenix.
"You're a fool, Harry Potter, and you will lose everything.",Lord Voldemort,Harry Potter and the Order of the Phoenix,Voldemort taunts Harry in the Ministry Atrium.
"There is no need to call me 'sir', Professor.",Harry Potter,Harry Potter and the Half-Blood Prince,Harry responds to Snape during Defense Against the Dark Arts.
"How dare you stand where he stood!",Harry Potter,Harry Potter and the Deathly Hallows: Part 2,Harry confronts Snape in the Great Hall.
"She's a nightmare, honestly!",Ron Weasley,Harry Potter and the Philosopher's Stone,Ron talks about Hermione after Charms class.
"What's life without a little risk?",Sirius Black,Harry Potter and the Order of the Phoenix,Sirius speaks to Harry at King's Cross station in dog form.
"You know, Minister, I disagree with Dumbledore on many counts... but you cannot deny he's got style.",Kingsley Shacklebolt,Harry Potter and the Order of the Phoenix,Kingsley comments after Dumbledore escapes Fudge.
"My father will hear about this!",Draco Malfoy,Harry Potter and the Philosopher's Stone,Malfoy threatens Hagrid in the Forbidden Forest.
"I'll take Harry, then.",Remus Lupin,Harry Potter and the Deathly Hallows: Part 1,Lupin organizes the departure strategy from Privet Drive.
"It's strange how clear things become when you're about to die.",Severus Snape,Harry Potter and the Deathly Hallows: Part 2,Snape speaks in his final moments.
"Control your emotions! Discipline your mind!",Severus Snape,Harry Potter and the Order of the Phoenix,Snape instructs Harry during Occlumency lessons.
"I've got a present for you.",Dudley Dursley,Harry Potter and the Philosopher's Stone,Dudley taunts Harry on his birthday.
"Let us step out into the night and pursue that flighty temptress, adventure.",Albus Dumbledore,Harry Potter and the Half-Blood Prince,Dumbledore leads Harry out of Privet Drive.
"Just because you have the emotional range of a teaspoon doesn't mean we all have!",Hermione Granger,Harry Potter and the Order of the Phoenix,Hermione retorts to Ron about Cho's feelings.
"You're a hero, Harry!",Seamus Finnigan,Harry Potter and the Order of the Phoenix,Seamus apologizes to Harry in the Gryffindor common room.
"Great man, Dumbledore.",Rubeus Hagrid,Harry Potter and the Philosopher's Stone,Hagrid defends Dumbledore against Uncle Vernon.
"I never thought I'd see the day when a Malfoy was put in his place.",Ron Weasley,Harry Potter and the Prisoner of Azkaban,Ron reacts to Hermione punching Malfoy.
"I hope you're pleased with yourselves.",Hermione Granger,Harry Potter and the Philosopher's Stone,Hermione scolds Harry and Ron after Fluffy.
"No extra credit will be given for destruction of school property.",Minerva McGonagall,Harry Potter and the Deathly Hallows: Part 2,McGonagall instructs the students before the battle.
"Of course it is happening inside your head, Harry, but why on earth should that mean that it is not real?",Albus Dumbledore,Harry Potter and the Deathly Hallows: Part 2,Dumbledore answers Harry at King's Cross station afterlife.
"It takes a great deal of bravery to stand up to our enemies, but just as much to stand up to our friends.",Albus Dumbledore,Harry Potter and the Philosopher's Stone,Dumbledore awards Neville 10 points at the end-of-term feast.
"A child's voice, however honest and true, is meaningless to those who've forgotten how to listen.",Albus Dumbledore,Harry Potter and the Prisoner of Azkaban,Dumbledore speaks to Hermione and Harry about saving Sirius.
"I can teach you how to bottle fame, brew glory, even stopper death.",Severus Snape,Harry Potter and the Philosopher's Stone,Snape delivers his introductory speech in Potions class.
"Curious... very curious...",Garrick Ollivander,Harry Potter and the Philosopher's Stone,Ollivander notes the twin cores of Harry and Voldemort's wands.
"The mind is not a book, to be opened at will and examined at leisure.",Severus Snape,Harry Potter and the Order of the Phoenix,Snape explains Legilimency to Harry.
"I would trust Hagrid with my life.",Albus Dumbledore,Harry Potter and the Philosopher's Stone,Dumbledore reassures McGonagall outside Privet Drive.
"To the well-organized mind, death is but the next great adventure.",Albus Dumbledore,Harry Potter and the Philosopher's Stone,Dumbledore discusses Nicolas Flamel and the Stone.
"It is our choices, Harry, that show what we truly are, far more than our abilities.",Albus Dumbledore,Harry Potter and the Chamber of Secrets,Dumbledore comforts Harry after the duel in the Chamber.
"Understanding is the first step to acceptance, and only with acceptance can there be recovery.",Albus Dumbledore,Harry Potter and the Goblet of Fire,Dumbledore addresses the school after Cedric's death.
"I must not tell lies.",Harry Potter,Harry Potter and the Order of the Phoenix,Harry carves the words into his hand during Umbridge's detention.
"You have your mother's eyes.",Severus Snape,Harry Potter and the Deathly Hallows: Part 2,Snape speaks his final words to Harry in the Boathouse.
"The ones that love us never really leave us. You can always find them, in here.",Sirius Black,Harry Potter and the Prisoner of Azkaban,Sirius points to Harry's heart before departing on Buckbeak.
"I will not be bullied into silence!",Harry Potter,Harry Potter and the Order of the Phoenix,Harry shouts back at Umbridge during Defense class.
"Magic is might.",Corban Yaxley,Harry Potter and the Deathly Hallows: Part 1,Yaxley references the new inscription at the Ministry of Magic.
"Not all wizards are good.",Rubeus Hagrid,Harry Potter and the Philosopher's Stone,Hagrid explains dark wizards to Harry at the Leaky Cauldron.
"Do not pity the dead, Harry. Pity the living, and, above all, those who live without love.",Albus Dumbledore,Harry Potter and the Deathly Hallows: Part 2,Dumbledore gives final guidance to Harry at King's Cross.
"Youth cannot know how age thinks and feels. But old men are guilty if they forget what it was to be young.",Albus Dumbledore,Harry Potter and the Order of the Phoenix,Dumbledore talks to Harry after Sirius's death.
"There's no story without a twist.",Rita Skeeter,Harry Potter and the Goblet of Fire,Rita Skeeter interviews Harry in the broom closet.
"You have a brave soul, young man.",Horace Slughorn,Harry Potter and the Half-Blood Prince,Slughorn compliments Harry when giving him the memory.
"The Ministry has fallen. Scrimgeour is dead. They are coming.",Kingsley Shacklebolt,Harry Potter and the Deathly Hallows: Part 1,Kingsley's Patronus message interrupts Bill and Fleur's wedding.
"It's a strange thing, Harry, but perhaps those who are best suited to power are those who have never sought it.",Albus Dumbledore,Harry Potter and the Deathly Hallows: Part 2,Dumbledore reflects on power during his conversation with Harry.
"Every great wizard in history has started out as nothing more than what we are now.",Harry Potter,Harry Potter and the Order of the Phoenix,Harry addresses the members of Dumbledore's Army.
"We've all got both light and dark inside us.",Sirius Black,Harry Potter and the Order of the Phoenix,Sirius counsels Harry about his connection to Voldemort.
"Look at me!",Severus Snape,Harry Potter and the Deathly Hallows: Part 2,Snape asks Harry to look at him as he dies.
"I always knew I was special.",Tom Riddle,Harry Potter and the Half-Blood Prince,Young Tom Riddle tells Dumbledore at Wool's Orphanage.
"I'm sorry, Professor. I must not tell lies.",Harry Potter,Harry Potter and the Order of the Phoenix,Harry quotes Umbridge back to her as she is taken by centaurs.
"Severus, please...",Albus Dumbledore,Harry Potter and the Half-Blood Prince,Dumbledore's final words before Snape casts Avada Kedavra.
"When you've seen as much of life as I have, you under-estimate the power of obsessive love.",Horace Slughorn,Harry Potter and the Half-Blood Prince,Slughorn discusses love potions in Potions class.
"I think I can tell the wrong sort for myself, thanks.",Harry Potter,Harry Potter and the Philosopher's Stone,Harry rejects Draco Malfoy's handshake on the Hogwarts Express.
"He was their friend!",Harry Potter,Harry Potter and the Prisoner of Azkaban,Harry reacts furiously after overhearing about Sirius Black in the Three Broomsticks.
"Your father was a swine!",Severus Snape,Harry Potter and the Order of the Phoenix,Snape snaps at Harry during Occlumency practice.
